w,c1,c2,num_particles,max_iterations,trial,target_iteration,status
0.1,1.5,1.5,20,100,1,4.0,Reached
0.1,1.5,1.5,20,100,2,4.0,Reached
0.1,1.5,1.5,20,100,3,5.0,Reached
0.1,1.5,1.5,20,100,4,4.0,Reached
0.1,1.5,1.5,20,100,5,4.0,Reached
0.1,1.5,1.5,20,100,6,4.0,Reached
0.1,1.5,1.5,20,100,7,4.0,Reached
0.1,1.5,1.5,20,100,8,3.0,Reached
0.1,1.5,1.5,20,100,9,4.0,Reached
0.1,1.5,1.5,20,100,10,3.0,Reached
0.1,1.5,1.5,20,100,11,4.0,Reached
0.1,1.5,1.5,20,100,12,4.0,Reached
0.1,1.5,1.5,20,100,13,4.0,Reached
0.1,1.5,1.5,20,100,14,5.0,Reached
0.1,1.5,1.5,20,100,15,4.0,Reached
0.1,1.5,1.5,20,100,16,4.0,Reached
0.1,1.5,1.5,20,100,17,4.0,Reached
0.1,1.5,1.5,20,100,18,2.0,Reached
0.1,1.5,1.5,20,100,19,3.0,Reached
0.1,1.5,1.5,20,100,20,4.0,Reached
0.1,1.5,1.5,20,100,21,3.0,Reached
0.1,1.5,1.5,20,100,22,3.0,Reached
0.1,1.5,1.5,20,100,23,4.0,Reached
0.1,1.5,1.5,20,100,24,4.0,Reached
0.1,1.5,1.5,20,100,25,4.0,Reached
0.1,1.5,1.5,20,100,26,4.0,Reached
0.1,1.5,1.5,20,100,27,4.0,Reached
0.1,1.5,1.5,20,100,28,4.0,Reached
0.1,1.5,1.5,20,100,29,4.0,Reached
0.1,1.5,1.5,20,100,30,4.0,Reached
0.3,1.5,1.5,20,100,1,5.0,Reached
0.3,1.5,1.5,20,100,2,5.0,Reached
0.3,1.5,1.5,20,100,3,6.0,Reached
0.3,1.5,1.5,20,100,4,5.0,Reached
0.3,1.5,1.5,20,100,5,5.0,Reached
0.3,1.5,1.5,20,100,6,5.0,Reached
0.3,1.5,1.5,20,100,7,5.0,Reached
0.3,1.5,1.5,20,100,8,5.0,Reached
0.3,1.5,1.5,20,100,9,4.0,Reached
0.3,1.5,1.5,20,100,10,6.0,Reached
0.3,1.5,1.5,20,100,11,5.0,Reached
0.3,1.5,1.5,20,100,12,5.0,Reached
0.3,1.5,1.5,20,100,13,5.0,Reached
0.3,1.5,1.5,20,100,14,7.0,Reached
0.3,1.5,1.5,20,100,15,6.0,Reached
0.3,1.5,1.5,20,100,16,5.0,Reached
0.3,1.5,1.5,20,100,17,7.0,Reached
0.3,1.5,1.5,20,100,18,5.0,Reached
0.3,1.5,1.5,20,100,19,5.0,Reached
0.3,1.5,1.5,20,100,20,5.0,Reached
0.3,1.5,1.5,20,100,21,6.0,Reached
0.3,1.5,1.5,20,100,22,5.0,Reached
0.3,1.5,1.5,20,100,23,7.0,Reached
0.3,1.5,1.5,20,100,24,6.0,Reached
0.3,1.5,1.5,20,100,25,5.0,Reached
0.3,1.5,1.5,20,100,26,6.0,Reached
0.3,1.5,1.5,20,100,27,6.0,Reached
0.3,1.5,1.5,20,100,28,5.0,Reached
0.3,1.5,1.5,20,100,29,7.0,Reached
0.3,1.5,1.5,20,100,30,5.0,Reached
0.5,1.5,1.5,20,100,1,9.0,Reached
0.5,1.5,1.5,20,100,2,10.0,Reached
0.5,1.5,1.5,20,100,3,9.0,Reached
0.5,1.5,1.5,20,100,4,10.0,Reached
0.5,1.5,1.5,20,100,5,8.0,Reached
0.5,1.5,1.5,20,100,6,9.0,Reached
0.5,1.5,1.5,20,100,7,9.0,Reached
0.5,1.5,1.5,20,100,8,8.0,Reached
0.5,1.5,1.5,20,100,9,10.0,Reached
0.5,1.5,1.5,20,100,10,7.0,Reached
0.5,1.5,1.5,20,100,11,7.0,Reached
0.5,1.5,1.5,20,100,12,8.0,Reached
0.5,1.5,1.5,20,100,13,8.0,Reached
0.5,1.5,1.5,20,100,14,8.0,Reached
0.5,1.5,1.5,20,100,15,12.0,Reached
0.5,1.5,1.5,20,100,16,9.0,Reached
0.5,1.5,1.5,20,100,17,12.0,Reached
0.5,1.5,1.5,20,100,18,10.0,Reached
0.5,1.5,1.5,20,100,19,12.0,Reached
0.5,1.5,1.5,20,100,20,11.0,Reached
0.5,1.5,1.5,20,100,21,8.0,Reached
0.5,1.5,1.5,20,100,22,9.0,Reached
0.5,1.5,1.5,20,100,23,9.0,Reached
0.5,1.5,1.5,20,100,24,7.0,Reached
0.5,1.5,1.5,20,100,25,10.0,Reached
0.5,1.5,1.5,20,100,26,9.0,Reached
0.5,1.5,1.5,20,100,27,7.0,Reached
0.5,1.5,1.5,20,100,28,11.0,Reached
0.5,1.5,1.5,20,100,29,8.0,Reached
0.5,1.5,1.5,20,100,30,12.0,Reached
0.7,1.5,1.5,20,100,1,21.0,Reached
0.7,1.5,1.5,20,100,2,22.0,Reached
0.7,1.5,1.5,20,100,3,16.0,Reached
0.7,1.5,1.5,20,100,4,31.0,Reached
0.7,1.5,1.5,20,100,5,18.0,Reached
0.7,1.5,1.5,20,100,6,23.0,Reached
0.7,1.5,1.5,20,100,7,22.0,Reached
0.7,1.5,1.5,20,100,8,22.0,Reached
0.7,1.5,1.5,20,100,9,20.0,Reached
0.7,1.5,1.5,20,100,10,15.0,Reached
0.7,1.5,1.5,20,100,11,16.0,Reached
0.7,1.5,1.5,20,100,12,21.0,Reached
0.7,1.5,1.5,20,100,13,22.0,Reached
0.7,1.5,1.5,20,100,14,18.0,Reached
0.7,1.5,1.5,20,100,15,17.0,Reached
0.7,1.5,1.5,20,100,16,21.0,Reached
0.7,1.5,1.5,20,100,17,29.0,Reached
0.7,1.5,1.5,20,100,18,21.0,Reached
0.7,1.5,1.5,20,100,19,21.0,Reached
0.7,1.5,1.5,20,100,20,16.0,Reached
0.7,1.5,1.5,20,100,21,23.0,Reached
0.7,1.5,1.5,20,100,22,25.0,Reached
0.7,1.5,1.5,20,100,23,16.0,Reached
0.7,1.5,1.5,20,100,24,18.0,Reached
0.7,1.5,1.5,20,100,25,24.0,Reached
0.7,1.5,1.5,20,100,26,17.0,Reached
0.7,1.5,1.5,20,100,27,26.0,Reached
0.7,1.5,1.5,20,100,28,18.0,Reached
0.7,1.5,1.5,20,100,29,20.0,Reached
0.7,1.5,1.5,20,100,30,16.0,Reached
0.9,1.5,1.5,20,100,1,,Not reached
0.9,1.5,1.5,20,100,2,,Not reached
0.9,1.5,1.5,20,100,3,,Not reached
0.9,1.5,1.5,20,100,4,,Not reached
0.9,1.5,1.5,20,100,5,,Not reached
0.9,1.5,1.5,20,100,6,,Not reached
0.9,1.5,1.5,20,100,7,,Not reached
0.9,1.5,1.5,20,100,8,,Not reached
0.9,1.5,1.5,20,100,9,,Not reached
0.9,1.5,1.5,20,100,10,,Not reached
0.9,1.5,1.5,20,100,11,,Not reached
0.9,1.5,1.5,20,100,12,,Not reached
0.9,1.5,1.5,20,100,13,,Not reached
0.9,1.5,1.5,20,100,14,,Not reached
0.9,1.5,1.5,20,100,15,,Not reached
0.9,1.5,1.5,20,100,16,,Not reached
0.9,1.5,1.5,20,100,17,,Not reached
0.9,1.5,1.5,20,100,18,,Not reached
0.9,1.5,1.5,20,100,19,,Not reached
0.9,1.5,1.5,20,100,20,,Not reached
0.9,1.5,1.5,20,100,21,,Not reached
0.9,1.5,1.5,20,100,22,,Not reached
0.9,1.5,1.5,20,100,23,,Not reached
0.9,1.5,1.5,20,100,24,,Not reached
0.9,1.5,1.5,20,100,25,,Not reached
0.9,1.5,1.5,20,100,26,,Not reached
0.9,1.5,1.5,20,100,27,,Not reached
0.9,1.5,1.5,20,100,28,,Not reached
0.9,1.5,1.5,20,100,29,,Not reached
0.9,1.5,1.5,20,100,30,,Not reached
1.1,1.5,1.5,20,100,1,,Not reached
1.1,1.5,1.5,20,100,2,,Not reached
1.1,1.5,1.5,20,100,3,,Not reached
1.1,1.5,1.5,20,100,4,,Not reached
1.1,1.5,1.5,20,100,5,,Not reached
1.1,1.5,1.5,20,100,6,,Not reached
1.1,1.5,1.5,20,100,7,,Not reached
1.1,1.5,1.5,20,100,8,,Not reached
1.1,1.5,1.5,20,100,9,,Not reached
1.1,1.5,1.5,20,100,10,,Not reached
1.1,1.5,1.5,20,100,11,,Not reached
1.1,1.5,1.5,20,100,12,,Not reached
1.1,1.5,1.5,20,100,13,,Not reached
1.1,1.5,1.5,20,100,14,,Not reached
1.1,1.5,1.5,20,100,15,,Not reached
1.1,1.5,1.5,20,100,16,,Not reached
1.1,1.5,1.5,20,100,17,,Not reached
1.1,1.5,1.5,20,100,18,,Not reached
1.1,1.5,1.5,20,100,19,,Not reached
1.1,1.5,1.5,20,100,20,,Not reached
1.1,1.5,1.5,20,100,21,,Not reached
1.1,1.5,1.5,20,100,22,,Not reached
1.1,1.5,1.5,20,100,23,,Not reached
1.1,1.5,1.5,20,100,24,,Not reached
1.1,1.5,1.5,20,100,25,,Not reached
1.1,1.5,1.5,20,100,26,,Not reached
1.1,1.5,1.5,20,100,27,,Not reached
1.1,1.5,1.5,20,100,28,,Not reached
1.1,1.5,1.5,20,100,29,,Not reached
1.1,1.5,1.5,20,100,30,,Not reached
